Project,Client,Description,Task,User,Group,Email,Tags,Billable,Start Date,Start Time,End Date,End Time,Duration (h),Duration (decimal),Billable Rate (USD),Billable Amount (USD)
teofzagrew,dacxpyazqz,auostuwskrlhaczeohmq,,avxsq,,avxsq@sample.com,,No,02/17/2023,12:46:06 AM,02/17/2023,05:51:06 AM,5:05:00,5.08,2.56,13.0
itzrizjuvy,oybxkvaqdq,,,uatwm,,uatwm@example.com,,Yes,09/20/2023,02:05:26 AM,09/20/2023,08:05:26 AM,6:00:00,6.0,146.27,877.62
lavrygqycn,befqtrapuq,,,aszra,,aszra@example.com,,Yes,10/15/2023,03:02:19 PM,10/15/2023,08:10:19 PM,5:08:00,5.13,144.33,0.0
muluriaopx,imlljydhlx,isoscjzgrctuanmnujfz,,ccduw,,ccduw@example.com,,Yes,06/12/2023,07:42:40 AM,06/12/2023,09:49:40 AM,2:07:00,2.12,109.18,0.0
bvdwtlugpo,fgqfmzlmnm,,,pbolj,,pbolj@demo.com,,No,01/16/2023,08:26:42 PM,01/17/2023,12:32:42 AM,4:06:00,4.1,180.79,0.0
jzeyybyiai,ikewyeutlw,,,yhlsu,,yhlsu@sample.com,,Yes,02/01/2023,12:22:32 AM,02/01/2023,06:09:32 AM,5:47:00,5.78,182.61,0.0
ossyfbjmwz,ieetulirtd,,,mehqw,,mehqw@demo.com,,Yes,05/11/2023,11:58:22 AM,05/11/2023,01:17:22 PM,1:19:00,1.32,40.08,0.0
dzeeoegnfr,nappkgxgiz,zflsscingmgbxhghrscu,,hgbzf,,hgbzf@demo.com,,Yes,07/14/2023,06:25:25 AM,07/14/2023,10:53:25 AM,4:28:00,4.47,175.84,786.0
kyabpovlyh,etnffzoyks,gofvmuuawtmywvlcxdms,,rbwbs,,rbwbs@example.com,,No,03/18/2023,08:07:11 PM,03/19/2023,02:08:11 AM,6:01:00,6.02,23.17,0.0
tsszgxttlp,yubjbcpiad,wazdftrhsdutiwugndkg,,jtmtq,,jtmtq@example.com,,No,11/19/2023,07:52:25 AM,11/19/2023,09:09:25 AM,1:17:00,1.28,85.13,0.0
ujjpmydfns,vqsybubzmf,klqbmimmaihclajlhxcd,,sxyog,,sxyog@example.com,,Yes,11/13/2023,04:30:24 AM,11/13/2023,09:21:24 AM,4:51:00,4.85,124.03,601.55
ahiarpafgq,llvyuajman,,,owiqw,,owiqw@example.com,,No,07/15/2023,07:43:18 PM,07/16/2023,03:19:18 AM,7:36:00,7.6,15.25,0.0
nzmgjmlwhw,ztzisaxkvf,wqijsltowokpwumzzgfc,,cuwna,,cuwna@example.com,,No,02/22/2023,11:57:36 AM,02/22/2023,12:18:36 PM,0:21:00,0.35,173.44,60.7
rbbqsqtwoa,utvmxdnowz,,,isdyn,,isdyn@example.com,,Yes,04/21/2023,06:49:46 AM,04/21/2023,09:44:46 AM,2:55:00,2.92,178.3,0.0
bocnubfiwa,mmxdcbniop,uphxahkrbxyxcbdconya,,phyas,,phyas@example.com,,Yes,01/03/2023,01:11:57 AM,01/03/2023,02:23:57 AM,1:12:00,1.2,116.13,0.0
bwmruomqln,ufxjgirpxq,oalfgkltlpibqmahhfmi,,pjeun,,pjeun@example.com,,No,08/31/2023,08:27:54 AM,08/31/2023,08:39:54 AM,0:12:00,0.2,185.93,0.0
oujalgltms,xzmehgmrwz,ihphuhbwbzdqofgcgljb,,qcwmr,,qcwmr@sample.com,,Yes,07/15/2023,01:22:33 AM,07/15/2023,04:51:33 AM,3:29:00,3.48,159.61,0.0
zqbcxxelnw,yrfdrjihua,ybehzrtxqevgoqrzgede,,yshol,,yshol@demo.com,,No,09/08/2023,08:02:10 AM,09/08/2023,01:29:10 PM,5:27:00,5.45,188.38,1026.67
fvycwwuyvv,uujscfuoss,,,qwbih,,qwbih@example.com,,Yes,03/19/2023,10:55:44 PM,03/20/2023,04:00:44 AM,5:05:00,5.08,49.45,251.21
wtukvlbbkc,jdaucranvw,wtzpdaaqigeagkatgbgg,,oranz,,oranz@demo.com,,No,06/07/2023,04:38:26 PM,06/07/2023,07:42:26 PM,3:04:00,3.07,12.32,0.0
zopwlviogh,brfdqalkcd,,,dxqte,,dxqte@example.com,,Yes,10/21/2023,08:21:59 PM,10/21/2023,10:58:59 PM,2:37:00,2.62,98.52,0.0
oznekceyfl,hsqkmnbeyn,,,tcvbn,,tcvbn@example.com,,No,01/31/2023,12:44:07 PM,01/31/2023,06:35:07 PM,5:51:00,5.85,97.42,569.91
jiqdbefapq,oxnxycbisa,,,aipix,,aipix@demo.com,,Yes,05/16/2023,12:27:05 AM,05/16/2023,05:52:05 AM,5:25:00,5.42,14.11,0.0
pyhccbeafu,ttubiheqka,aycldtwwqnqacyxhahpu,,uuoxa,,uuoxa@example.com,,No,10/01/2023,04:31:24 AM,10/01/2023,10:49:24 AM,6:18:00,6.3,47.13,0.0
qijgvhqbap,aclichnakz,,,ztjdv,,ztjdv@example.com,,Yes,07/16/2023,06:33:36 PM,07/16/2023,08:12:36 PM,1:39:00,1.65,168.02,277.23
bkfjgblwzm,pajjseuemz,,,igutw,,igutw@sample.com,,Yes,07/17/2023,12:06:54 PM,07/17/2023,01:51:54 PM,1:45:00,1.75,145.09,253.91
gtfyxhuwvx,tncopxgldr,sxfzpagyqbzschtnyunv,,kcweh,,kcweh@sample.com,,No,07/07/2023,12:56:17 PM,07/07/2023,03:53:17 PM,2:57:00,2.95,122.59,361.64
bcgogmmfxq,pcambudeet,jjqfpsiwncxnhcjrajeb,,gimcw,,gimcw@demo.com,,Yes,04/05/2023,11:08:49 PM,04/06/2023,12:00:49 AM,0:52:00,0.87,15.24,0.0
mqpeyoqpfa,qonqowhcqb,,,gbzhs,,gbzhs@demo.com,,Yes,08/16/2023,12:18:07 PM,08/16/2023,03:38:07 PM,3:20:00,3.33,108.79,362.27
wfwafcxywz,uumipgdtul,,,zebkj,,zebkj@demo.com,,Yes,03/10/2023,07:38:14 AM,03/10/2023,08:34:14 AM,0:56:00,0.93,59.93,55.73
oerxudxnpr,papeuzqsvj,xbkjzalrizsehpiebayc,,zazxc,,zazxc@demo.com,,Yes,10/24/2023,03:07:45 AM,10/24/2023,10:42:45 AM,7:35:00,7.58,63.14,478.6
fperfymppb,eyhwxnxpsl,unmckpqkomiefsmulrac,,lnttp,,lnttp@example.com,,No,04/08/2023,11:10:09 PM,04/09/2023,01:23:09 AM,2:13:00,2.22,151.9,0.0
mxxzfjmzfi,vxkdiokqpu,qttoslsztjclopdeyeaj,,isxre,,isxre@sample.com,,No,08/19/2023,04:26:07 AM,08/19/2023,08:12:07 AM,3:46:00,3.77,51.29,0.0
ymzkpxlhjq,gcuyxjkeul,,,vzmiu,,vzmiu@demo.com,,Yes,11/05/2023,02:39:24 AM,11/05/2023,04:53:24 AM,2:14:00,2.23,93.63,208.79
gwrmngoruo,hydjasqajr,exonqlhtivkekdafvihs,,tmmnr,,tmmnr@example.com,,Yes,12/13/2023,10:37:23 PM,12/14/2023,05:37:23 AM,7:00:00,7.0,155.31,0.0
nwyehgwurr,ybqxgxjstk,abdswpvnxhddepruywdo,,jpyya,,jpyya@demo.com,,Yes,07/02/2023,08:45:46 AM,07/02/2023,03:58:46 PM,7:13:00,7.22,178.14,0.0
ywwxqdkfrx,whptoyizyf,,,wwltr,,wwltr@demo.com,,No,07/25/2023,03:00:24 AM,07/25/2023,05:52:24 AM,2:52:00,2.87,93.53,0.0
djuhttzybd,tctkqhzwxa,jdbcxfzjcdgqymkrquaq,,qdjom,,qdjom@demo.com,,Yes,04/26/2023,10:49:40 PM,04/27/2023,01:29:40 AM,2:40:00,2.67,76.21,0.0
cyoqvtlqgg,sxavbvgrnu,,,dequk,,dequk@sample.com,,Yes,11/29/2023,09:45:50 AM,11/29/2023,12:36:50 PM,2:51:00,2.85,15.6,0.0
gzteyyyghe,plfsperbrr,,,khphr,,khphr@demo.com,,Yes,05/09/2023,05:29:50 AM,05/09/2023,09:23:50 AM,3:54:00,3.9,165.08,643.81
ojdqadbvwf,hpmkuqwsoq,,,imuiz,,imuiz@demo.com,,No,07/14/2023,01:19:30 PM,07/14/2023,08:17:30 PM,6:58:00,6.97,148.61,1035.81
sdxgnwcagv,kkvseucuoz,,,wsxuh,,wsxuh@demo.com,,Yes,02/04/2023,10:50:23 AM,02/04/2023,04:19:23 PM,5:29:00,5.48,179.92,985.96
wvzuxfrjgs,efywecczcd,dkaafvpugeprmwufphop,,rnsdk,,rnsdk@demo.com,,Yes,04/30/2023,07:09:46 PM,05/01/2023,12:12:46 AM,5:03:00,5.05,94.85,0.0
obmgzgwqyt,szwaepfzqx,,,wiohz,,wiohz@sample.com,,No,08/15/2023,07:27:59 PM,08/16/2023,01:20:59 AM,5:53:00,5.88,109.62,0.0
zebewjkyjt,tmximbymhq,apqpmaqpmjjthuksdtyy,,eicpj,,eicpj@demo.com,,No,07/31/2023,10:35:39 PM,07/31/2023,11:56:39 PM,1:21:00,1.35,43.13,58.23
hpwezpqmyb,wgahasqnqn,,,hnbts,,hnbts@demo.com,,No,11/17/2023,06:30:18 PM,11/17/2023,10:54:18 PM,4:24:00,4.4,34.16,150.3
utlriceyyr,fzivchhhxw,asfdfhnckkxevgekphtb,,nkibd,,nkibd@example.com,,No,12/06/2023,10:41:08 PM,12/07/2023,02:19:08 AM,3:38:00,3.63,111.89,406.16
xnqcclskji,suljszcpnh,,,sdneb,,sdneb@example.com,,Yes,11/11/2023,10:46:40 AM,11/11/2023,11:24:40 AM,0:38:00,0.63,145.91,0.0
picbisqnsh,ljrsryshcg,oscjjujuvgtptbubudbn,,zrlsp,,zrlsp@sample.com,,No,04/10/2023,08:58:51 AM,04/10/2023,10:11:51 AM,1:13:00,1.22,155.62,0.0
yjpfgulwyi,zxfosuwkiq,,,tkftv,,tkftv@sample.com,,No,09/16/2023,06:32:02 PM,09/16/2023,11:36:02 PM,5:04:00,5.07,119.4,605.36
ybgxfwvjrr,xfuyhmwlhk,,,odamr,,odamr@example.com,,No,08/27/2023,03:11:23 PM,08/27/2023,03:30:23 PM,0:19:00,0.32,16.08,5.15
znourdtyhe,qsehegvwet,brcfafbpzorjgkcqlafy,,yezmd,,yezmd@sample.com,,No,07/14/2023,09:25:52 AM,07/14/2023,01:32:52 PM,4:07:00,4.12,128.11,0.0
vncswesksu,wqkpgpjzzo,mabdbmqrpllxzrqmfakb,,hbqir,,hbqir@demo.com,,Yes,01/23/2023,08:49:46 AM,01/23/2023,01:39:46 PM,4:50:00,4.83,155.54,751.26
atpdisbgnk,vnbfitjmcu,,,awrev,,awrev@example.com,,No,07/29/2023,10:54:49 PM,07/30/2023,01:11:49 AM,2:17:00,2.28,119.81,0.0
kcqrmxmpre,lokrltaceq,ryhiqqagvcduonlrjnjp,,frfsx,,frfsx@sample.com,,Yes,11/21/2023,06:19:15 PM,11/22/2023,01:46:15 AM,7:27:00,7.45,80.23,597.71
roetbvmfoz,besavmlzid,,,aegal,,aegal@demo.com,,No,03/26/2023,01:59:39 PM,03/26/2023,07:25:39 PM,5:26:00,5.43,73.8,0.0
bjikegfmlc,wsgqgoxidm,lcbyigvavdkocigydevx,,dnkeb,,dnkeb@demo.com,,Yes,09/26/2023,04:17:38 AM,09/26/2023,08:59:38 AM,4:42:00,4.7,53.59,0.0
llovqthhrz,fjappzegle,,,flsau,,flsau@sample.com,,Yes,01/10/2023,04:51:50 AM,01/10/2023,11:08:50 AM,6:17:00,6.28,53.67,0.0
umqmnaoqqh,ahgugxapwz,azyoxttsowpqqhquqefn,,aiwkj,,aiwkj@example.com,,No,08/06/2023,09:55:55 PM,08/07/2023,04:15:55 AM,6:20:00,6.33,138.35,0.0
tmqzbejoxq,mycugosxkj,wtpotdfndgaxkwdolhah,,yeosg,,yeosg@sample.com,,No,05/20/2023,07:43:53 PM,05/20/2023,09:27:53 PM,1:44:00,1.73,89.45,0.0
zlmlmadfyg,ozoitfdztf,,,tdjsi,,tdjsi@example.com,,No,06/15/2023,06:00:17 PM,06/15/2023,08:10:17 PM,2:10:00,2.17,142.52,0.0
kpbdugmtgx,plmrvzfnex,gsytnfprnnxmihaqoftq,,edlsh,,edlsh@sample.com,,No,01/31/2023,12:35:16 AM,01/31/2023,04:34:16 AM,3:59:00,3.98,103.4,0.0
tdkmjzpraa,kgrmnpnvfl,xumuwnprhievnoeecrro,,fzlhk,,fzlhk@demo.com,,Yes,07/31/2023,04:20:38 AM,07/31/2023,09:19:38 AM,4:59:00,4.98,97.95,0.0
jaxeskxjno,kowlzhvbxc,,,tbpub,,tbpub@example.com,,Yes,11/29/2023,03:48:12 AM,11/29/2023,08:37:12 AM,4:49:00,4.82,108.54,523.16
tawfwrhgql,xvunazspuo,,,nvmbf,,nvmbf@example.com,,Yes,04/12/2023,01:52:26 PM,04/12/2023,08:21:26 PM,6:29:00,6.48,130.09,0.0
pfzmoqiebk,hnanxjfzvn,,,fvrqt,,fvrqt@sample.com,,No,08/04/2023,02:16:49 AM,08/04/2023,09:30:49 AM,7:14:00,7.23,87.43,0.0
jojdmhunlk,yepttpkgqq,,,ujbif,,ujbif@sample.com,,No,05/10/2023,06:57:44 PM,05/11/2023,01:03:44 AM,6:06:00,6.1,166.13,0.0
jhizsazqil,iurnplyitr,,,nhqvg,,nhqvg@example.com,,No,06/11/2023,06:26:55 AM,06/11/2023,07:15:55 AM,0:49:00,0.82,34.94,28.65
nbvpsvebsv,nxfghaawcp,hivlgbuazqsaabdqrqut,,xqrfg,,xqrfg@sample.com,,Yes,01/06/2023,11:27:02 AM,01/06/2023,12:40:02 PM,1:13:00,1.22,171.58,209.33
xkhpjkiopc,bvqmbpbbwg,xmwmjivlqadnwpqprndx,,kmcaw,,kmcaw@example.com,,No,11/06/2023,01:28:49 PM,11/06/2023,06:36:49 PM,5:08:00,5.13,162.76,0.0
qlabrvdtwr,skkdwjsxxn,nnsmgyzkndcigkkkqpcl,,valvq,,valvq@example.com,,No,09/19/2023,08:41:07 PM,09/19/2023,09:55:07 PM,1:14:00,1.23,62.52,0.0
hnpjgbohte,eejgfihwkg,,,xffye,,xffye@sample.com,,Yes,05/21/2023,05:37:02 AM,05/21/2023,10:35:02 AM,4:58:00,4.97,129.05,641.38
atndvmyksu,gamseyesyd,,,yvfjn,,yvfjn@example.com,,Yes,12/30/2023,12:31:04 AM,12/30/2023,08:00:04 AM,7:29:00,7.48,62.0,463.76
dfestrbfdv,pachizpdeo,manbzmqcqqpjjjyrxnle,,ttsue,,ttsue@example.com,,Yes,01/24/2023,03:52:02 PM,01/24/2023,04:40:02 PM,0:48:00,0.8,32.87,26.3
mlqjqranma,yaxelscush,,,lqkrx,,lqkrx@example.com,,Yes,03/30/2023,09:10:15 AM,03/30/2023,11:43:15 AM,2:33:00,2.55,10.93,27.87
jfxghwsnsj,maikvzmydg,rygrgxvhpivknrmsdhjv,,qjfgf,,qjfgf@demo.com,,No,09/17/2023,03:36:02 PM,09/17/2023,08:14:02 PM,4:38:00,4.63,136.22,630.7
vljctrftuj,sqsaveegtb,bdvkdwxdcfrbqfqnlmhd,,waaay,,waaay@example.com,,No,06/18/2023,01:54:38 AM,06/18/2023,08:18:38 AM,6:24:00,6.4,9.41,60.22
shxfhjgkhy,qwyxpdunnk,nuwzuxhnlcrsfeuvpeth,,zzvvp,,zzvvp@demo.com,,Yes,03/16/2023,12:50:32 AM,03/16/2023,03:41:32 AM,2:51:00,2.85,94.11,0.0
ahlrxvqvca,vakkoonlrx,sykivlhgwrdtfdqawarq,,xtntu,,xtntu@example.com,,Yes,11/28/2023,02:25:12 PM,11/28/2023,07:28:12 PM,5:03:00,5.05,101.55,512.83
phwolctptq,phxfgrxgto,,,ehgar,,ehgar@demo.com,,No,10/18/2023,04:45:44 PM,10/19/2023,12:13:44 AM,7:28:00,7.47,193.64,1446.49
oxbjlgshqf,mywxcikmxg,vngeevcfymptxxufzyke,,mwwnj,,mwwnj@example.com,,Yes,04/05/2023,02:22:35 PM,04/05/2023,05:03:35 PM,2:41:00,2.68,21.85,58.56
fcihxkfswq,yamjisgjpq,dpgysodvcstlqetkuejo,,qrtde,,qrtde@sample.com,,No,05/28/2023,04:57:16 AM,05/28/2023,09:43:16 AM,4:46:00,4.77,98.03,467.6
qjojzqaanc,sjdbdrrfcf,,,aqall,,aqall@demo.com,,No,12/21/2023,04:35:25 PM,12/21/2023,11:25:25 PM,6:50:00,6.83,99.34,0.0
qajfevolee,ztcrvnnddm,ffbvmctkhcstllkcvhhx,,tjyod,,tjyod@sample.com,,No,11/10/2023,06:51:07 PM,11/10/2023,07:08:07 PM,0:17:00,0.28,120.45,0.0
vvazlyqljn,ugdxfjuzni,tnbzzozzflvlubcxvadc,,qrkko,,qrkko@demo.com,,No,02/21/2023,12:38:24 AM,02/21/2023,05:49:24 AM,5:11:00,5.18,158.94,823.31
hisbqqxlnm,fzyqfspwtb,,,rtppp,,rtppp@example.com,,No,10/16/2023,08:49:58 PM,10/17/2023,01:07:58 AM,4:18:00,4.3,175.45,754.43
bdzhovejae,qcajvkcuub,,,dteuw,,dteuw@sample.com,,No,02/20/2023,05:05:11 AM,02/20/2023,10:31:11 AM,5:26:00,5.43,16.25,88.24
lbmdcjfqgz,jevsgwydfw,,,buhmy,,buhmy@demo.com,,No,08/19/2023,03:27:21 AM,08/19/2023,07:50:21 AM,4:23:00,4.38,74.38,0.0
awfpradzvh,vboutkqibm,evgddqlvdavevnmovyab,,yyhix,,yyhix@demo.com,,No,12/28/2023,02:06:33 PM,12/28/2023,04:03:33 PM,1:57:00,1.95,127.29,0.0
bmdmiegvqq,ojjqxsrrqz,isnvimowbeuajdogeccj,,yjqyc,,yjqyc@example.com,,No,11/19/2023,12:33:53 AM,11/19/2023,06:47:53 AM,6:14:00,6.23,37.34,232.63
oyzoijstfm,pntamybwut,duxaeroggqtawsizekeg,,jvyym,,jvyym@example.com,,No,05/02/2023,02:44:44 AM,05/02/2023,05:24:44 AM,2:40:00,2.67,66.2,176.75
hfrurtsvqz,ynrpyqltgr,cyuajpnbsoncosmdlrjd,,hiajy,,hiajy@example.com,,No,07/19/2023,09:16:58 PM,07/20/2023,12:13:58 AM,2:57:00,2.95,164.43,0.0
eonvmzylls,ziipvvxmvx,mulllzgzbdpszjmjyney,,vdmdl,,vdmdl@example.com,,Yes,06/25/2023,07:07:08 PM,06/25/2023,10:00:08 PM,2:53:00,2.88,40.38,116.29
qqiwhrmxwv,thmouadvpl,didqgoklkkmhxkgshwcx,,bvenk,,bvenk@example.com,,Yes,02/19/2023,05:59:40 PM,02/19/2023,08:19:40 PM,2:20:00,2.33,114.02,265.67
qywrurgfpo,siianvdjsx,knwkcnyqvkelbfgqxlad,,ivxoo,,ivxoo@sample.com,,Yes,03/13/2023,12:17:39 AM,03/13/2023,08:14:39 AM,7:57:00,7.95,40.8,0.0
zyhtpzoecl,dndhvngnrb,tbtftukxguvdvjhjmlya,,wnrah,,wnrah@sample.com,,Yes,06/10/2023,01:43:08 PM,06/10/2023,06:44:08 PM,5:01:00,5.02,139.9,0.0
upctuztjyn,kghqfkplhq,,,wnkya,,wnkya@sample.com,,Yes,01/26/2023,09:05:07 PM,01/27/2023,01:04:07 AM,3:59:00,3.98,88.67,0.0
rwreikqrgx,oxnpfbkepv,,,retjq,,retjq@demo.com,,Yes,02/10/2023,12:02:52 PM,02/10/2023,12:46:52 PM,0:44:00,0.73,145.04,0.0
qciqsxeakr,ccibbqefyx,,,skqmk,,skqmk@example.com,,No,03/21/2023,08:32:30 AM,03/21/2023,12:38:30 PM,4:06:00,4.1,40.11,164.45
ybreaxlzfy,embddchhep,,,qcrnq,,qcrnq@sample.com,,Yes,11/18/2023,06:34:36 PM,11/18/2023,09:59:36 PM,3:25:00,3.42,116.13,397.16
qilesvgmwx,cykvitbfsf,,,jwtvp,,jwtvp@demo.com,,Yes,07/11/2023,05:48:42 AM,07/11/2023,07:46:42 AM,1:58:00,1.97,76.06,0.0
yivutipskt,luldwekhfh,,,ioriv,,ioriv@demo.com,,Yes,05/19/2023,03:02:25 AM,05/19/2023,10:35:25 AM,7:33:00,7.55,141.35,1067.19
bkxtvzedrq,cjuxnihstt,jhbvxngcqvkfxtnvivht,,mdqba,,mdqba@sample.com,,No,02/01/2023,03:42:29 AM,02/01/2023,05:34:29 AM,1:52:00,1.87,54.45,0.0
hsjyuwdbbx,vkzqewdklq,,,kjyma,,kjyma@example.com,,No,08/10/2023,12:58:29 PM,08/10/2023,05:09:29 PM,4:11:00,4.18,165.44,691.54
gajtkuejxr,apslfraiqe,rkgwprzxabzvwtliiavd,,jbivq,,jbivq@sample.com,,Yes,06/11/2023,11:17:15 PM,06/12/2023,03:13:15 AM,3:56:00,3.93,150.81,592.68
daanvqtarz,mjkclxcdvl,xfksowdxnaamakqqfubq,,keuar,,keuar@example.com,,No,08/13/2023,10:22:55 AM,08/13/2023,03:13:55 PM,4:51:00,4.85,135.14,655.43
xdeyxzaglb,mgrcixgpyw,,,cclbr,,cclbr@sample.com,,No,08/04/2023,02:49:39 AM,08/04/2023,10:13:39 AM,7:24:00,7.4,195.39,1445.89
uywmhocrrh,mqrvtzuygc,usehtxvexcrucsqfeyyc,,yzgvo,,yzgvo@example.com,,Yes,08/10/2023,05:39:34 PM,08/10/2023,07:49:34 PM,2:10:00,2.17,3.95,0.0
dbjlyptkpv,wbdluiepey,,,rjkot,,rjkot@demo.com,,Yes,01/27/2023,06:17:02 PM,01/27/2023,08:16:02 PM,1:59:00,1.98,180.42,0.0
wvwmuywzuj,wrtcssjbex,,,uqini,,uqini@sample.com,,No,03/13/2023,03:02:00 PM,03/13/2023,09:39:00 PM,6:37:00,6.62,84.31,0.0
wegotfjwds,hfdwztnubo,rbslkkwtntwjjohlzlqh,,agwoh,,agwoh@demo.com,,No,02/09/2023,04:07:57 AM,02/09/2023,04:11:57 AM,0:04:00,0.07,81.94,5.74
akmmftcohc,mgqywbbfni,,,vdvjl,,vdvjl@demo.com,,No,01/08/2023,05:53:38 AM,01/08/2023,11:46:38 AM,5:53:00,5.88,85.29,501.51
aofibsxdpz,yjcwfpftgr,oowfoyfvowtfimrfjrnr,,rymmz,,rymmz@example.com,,No,08/07/2023,06:08:36 AM,08/07/2023,12:54:36 PM,6:46:00,6.77,22.12,149.75
bwnttvmqmu,cdgenqbhgl,,,rcpns,,rcpns@demo.com,,Yes,03/23/2023,03:58:48 PM,03/23/2023,07:41:48 PM,3:43:00,3.72,90.8,337.78
fbybgggsfq,hfgrgnanin,,,bywpm,,bywpm@example.com,,Yes,01/31/2023,03:46:41 AM,01/31/2023,05:28:41 AM,1:42:00,1.7,104.11,0.0
dodbmabocc,wdttsukmxw,llmhtlxrhtgaytobaxzk,,ejaci,,ejaci@demo.com,,Yes,09/05/2023,12:24:47 AM,09/05/2023,07:25:47 AM,7:01:00,7.02,60.44,424.29
iisiovsrtr,kuuhctusub,,,pusyn,,pusyn@sample.com,,Yes,10/29/2023,04:21:11 PM,10/30/2023,12:20:11 AM,7:59:00,7.98,191.88,1531.2
okahlwvasg,xykvugzemu,uxjxreunygjdipukpwyz,,umezr,,umezr@demo.com,,No,06/02/2023,12:01:37 PM,06/02/2023,06:34:37 PM,6:33:00,6.55,20.43,133.82
fwfmqnfxtt,ovojiohhag,bomvyybqdapfrepdqfoh,,znmgm,,znmgm@example.com,,Yes,02/02/2023,03:30:47 PM,02/02/2023,09:56:47 PM,6:26:00,6.43,110.08,0.0
vavqazlmbb,xwxlvyjfud,szdbhtcbvdeccvywgpju,,wbioo,,wbioo@example.com,,Yes,08/20/2023,12:53:23 AM,08/20/2023,05:30:23 AM,4:37:00,4.62,58.53,0.0
nbwmcwzagh,uxkxkainwr,nevpzyiydwgyxwtmrcyx,,bmfjq,,bmfjq@demo.com,,Yes,03/12/2023,03:31:48 PM,03/12/2023,09:21:48 PM,5:50:00,5.83,45.11,0.0
fgpmgstddk,dxgttrcdpz,xivzxfoyggwvwmjvsjds,,wtovr,,wtovr@example.com,,No,03/21/2023,04:25:34 PM,03/21/2023,05:44:34 PM,1:19:00,1.32,89.77,0.0
leqxhhbnml,fbexlfxwfj,masuybsmduzcxivvkvov,,whyjb,,whyjb@example.com,,Yes,02/13/2023,11:03:25 PM,02/14/2023,04:22:25 AM,5:19:00,5.32,86.07,457.89
gpvinmytyp,bazjkjdyjw,,,pbvgk,,pbvgk@example.com,,No,12/02/2023,10:12:39 AM,12/02/2023,04:02:39 PM,5:50:00,5.83,126.41,736.97
okjinwukao,mtkymurnqv,smzdcrocaavxgwqxamcp,,htmfw,,htmfw@sample.com,,Yes,05/25/2023,12:06:09 PM,05/25/2023,05:48:09 PM,5:42:00,5.7,157.41,897.24
ufkigciugr,newwncqkbz,,,xnsqp,,xnsqp@sample.com,,Yes,12/25/2023,12:35:35 AM,12/25/2023,04:21:35 AM,3:46:00,3.77,116.89,0.0
tkgellhvdl,azwnijihki,,,jwqsf,,jwqsf@demo.com,,No,08/04/2023,01:29:34 AM,08/04/2023,06:43:34 AM,5:14:00,5.23,192.46,0.0
ldjcyeftcz,rbgerwyska,,,qcmcq,,qcmcq@example.com,,Yes,07/31/2023,02:38:56 AM,07/31/2023,08:01:56 AM,5:23:00,5.38,132.32,711.88
bmugfrgnon,wybxhwptjg,,,gsrde,,gsrde@example.com,,No,12/05/2023,07:32:27 PM,12/06/2023,03:32:27 AM,8:00:00,8.0,106.31,0.0
cnbwpdmkld,ocgxipgoza,bniejxzqzstkbbwnzfgr,,aawde,,aawde@sample.com,,Yes,06/02/2023,02:11:25 PM,06/02/2023,07:11:25 PM,5:00:00,5.0,77.92,0.0
zgidrsosdc,tryjlkjuth,daieiksuqisvvoccxwpm,,jagez,,jagez@sample.com,,No,02/12/2023,08:11:38 PM,02/13/2023,12:03:38 AM,3:52:00,3.87,95.99,0.0
uhlswssbhv,gnqqofvonp,hfmlehjfavnagmdchclv,,domiy,,domiy@sample.com,,Yes,10/23/2023,03:17:51 PM,10/23/2023,05:46:51 PM,2:29:00,2.48,115.12,0.0
hfghdrzahw,ooimsyavav,,,jszlx,,jszlx@demo.com,,No,09/28/2023,05:16:20 PM,09/29/2023,12:37:20 AM,7:21:00,7.35,168.42,0.0
gwqxnxhfwi,qalvxudmur,,,bwwvm,,bwwvm@example.com,,Yes,03/16/2023,10:37:12 PM,03/17/2023,04:02:12 AM,5:25:00,5.42,144.0,0.0
zfpugzjzra,vtxvawpjxs,sbxdzvduxknwisjlnsvn,,uvrzx,,uvrzx@sample.com,,Yes,12/10/2023,08:16:47 AM,12/10/2023,09:53:47 AM,1:37:00,1.62,47.36,0.0
iwvjetxask,bbzdrigutz,skootgavcdoxoeuussps,,lvnkm,,lvnkm@example.com,,Yes,04/17/2023,01:35:00 PM,04/17/2023,02:59:00 PM,1:24:00,1.4,57.28,0.0
vlwowybsyt,hlzdmpqehl,,,tzrmn,,tzrmn@sample.com,,Yes,12/30/2023,11:46:23 AM,12/30/2023,04:53:23 PM,5:07:00,5.12,10.75,55.04
wieaeeqdsf,vuouwrcuxq,wqwmkzggffmdarhfitol,,ynkcg,,ynkcg@demo.com,,Yes,04/26/2023,09:41:45 PM,04/27/2023,03:25:45 AM,5:44:00,5.73,32.57,0.0
teyleiztun,olslnlbwtk,kpnjzxaohngntlhoaplc,,mhydc,,mhydc@example.com,,Yes,08/20/2023,05:10:24 AM,08/20/2023,01:05:24 PM,7:55:00,7.92,45.23,358.22
zbzfldryqw,rvtltslcmx,edzykiijedtrfvdpmsll,,zvzgc,,zvzgc@demo.com,,No,08/14/2023,11:26:34 PM,08/15/2023,03:54:34 AM,4:28:00,4.47,75.68,0.0
baagxtssxm,pgwkudwhbm,ybwrerdalgwqwkpmqytr,,pbhqb,,pbhqb@sample.com,,No,11/12/2023,02:45:41 PM,11/12/2023,03:37:41 PM,0:52:00,0.87,124.53,108.34
ezxfwjhyrn,lpobmcxmsk,pykgnbhiuawnbobtytlv,,muknd,,muknd@sample.com,,Yes,03/17/2023,03:29:06 AM,03/17/2023,06:00:06 AM,2:31:00,2.52,97.88,0.0
qvmmjfsvfo,lnviubjcoe,,,mamtu,,mamtu@sample.com,,No,05/25/2023,04:56:47 PM,05/25/2023,07:49:47 PM,2:53:00,2.88,21.08,60.71
bpeshjysos,tmenpokyls,,,evtjr,,evtjr@demo.com,,No,10/05/2023,10:21:12 AM,10/05/2023,05:05:12 PM,6:44:00,6.73,83.62,0.0
rctkvgjohb,jymripculd,zumghehgyzohoruqtwbg,,ysyeo,,ysyeo@example.com,,Yes,06/12/2023,11:42:40 PM,06/13/2023,05:04:40 AM,5:22:00,5.37,24.44,131.24
youkkleqqe,gptdlcvwle,,,vdnfc,,vdnfc@example.com,,No,07/08/2023,09:59:34 AM,07/08/2023,10:56:34 AM,0:57:00,0.95,87.25,82.89
ddxtvfnilj,bnwaxgubye,,,nkwse,,nkwse@sample.com,,No,03/06/2023,03:23:15 AM,03/06/2023,05:14:15 AM,1:51:00,1.85,65.56,0.0
dbrntuecav,kiujakiwzl,mdzzcluwfjbubenowzjx,,tkvpm,,tkvpm@example.com,,No,11/11/2023,10:36:29 AM,11/11/2023,11:01:29 AM,0:25:00,0.42,149.16,0.0
qcakswrami,qbtlnajodv,jsxvfrwyphseirwadhhu,,ugyse,,ugyse@demo.com,,Yes,08/05/2023,09:13:17 AM,08/05/2023,12:03:17 PM,2:50:00,2.83,97.31,0.0
ehaheekboo,vchxwjjwsm,dzehsnylfiubruwixhks,,srglg,,srglg@sample.com,,No,10/11/2023,04:45:29 AM,10/11/2023,09:13:29 AM,4:28:00,4.47,144.78,0.0
bjsijdzasx,ytyxwedarb,bgaeejcjucybpkjxsgcv,,sekum,,sekum@example.com,,No,01/17/2023,07:00:37 AM,01/17/2023,01:06:37 PM,6:06:00,6.1,100.19,611.16
urvcrllckg,hfjevrnroz,zepdjdweurgdqbtyvfuz,,obabj,,obabj@sample.com,,No,06/17/2023,03:00:13 AM,06/17/2023,06:41:13 AM,3:41:00,3.68,33.81,124.42
lwbbrdgezh,bdldkvwkny,,,xwsrs,,xwsrs@sample.com,,No,10/20/2023,01:36:54 PM,10/20/2023,03:00:54 PM,1:24:00,1.4,63.7,0.0
pebehjeied,iumijeregr,ydqljurbqtjrtrzvfwuq,,vdslb,,vdslb@sample.com,,Yes,05/10/2023,10:55:38 PM,05/10/2023,11:40:38 PM,0:45:00,0.75,6.73,0.0
vyqcoxfiat,wtowjneetu,,,txpnv,,txpnv@example.com,,No,03/28/2023,08:58:26 AM,03/28/2023,02:55:26 PM,5:57:00,5.95,140.23,834.37
hkrecavsev,hpczoopsnj,,,jmyaa,,jmyaa@example.com,,No,02/22/2023,08:09:53 PM,02/23/2023,02:43:53 AM,6:34:00,6.57,67.33,0.0
qqxzuqwtmt,khxzaxfcoz,,,gwttd,,gwttd@demo.com,,Yes,03/31/2023,10:00:56 PM,03/31/2023,10:16:56 PM,0:16:00,0.27,173.28,46.79
hskweerpyf,fyqequtvtp,,,zlanb,,zlanb@demo.com,,Yes,12/27/2023,04:59:17 AM,12/27/2023,05:38:17 AM,0:39:00,0.65,35.54,23.1
dqfncwxdsw,pihmayiktk,uslnjvghtrtoauxzrzoz,,ftvbw,,ftvbw@example.com,,No,09/20/2023,04:49:49 AM,09/20/2023,07:41:49 AM,2:52:00,2.87,89.67,0.0
rhsvehnbty,xrixwffakx,racarvbdgwvgcqhqophj,,nbpsg,,nbpsg@demo.com,,Yes,02/16/2023,04:52:33 PM,02/16/2023,06:55:33 PM,2:03:00,2.05,82.97,0.0
rnxveyoxiu,qklaaikbto,,,eblyi,,eblyi@sample.com,,No,03/17/2023,10:26:37 AM,03/17/2023,03:53:37 PM,5:27:00,5.45,132.26,720.82
qfltobimkz,pieoghusrm,iodwhdqwdwrpgxgojfrd,,qkvqn,,qkvqn@example.com,,Yes,01/04/2023,03:21:26 PM,01/04/2023,11:11:26 PM,7:50:00,7.83,92.46,0.0
ivkjxjijef,oxnfaeyekl,,,fntoh,,fntoh@demo.com,,No,09/04/2023,09:16:55 PM,09/05/2023,12:31:55 AM,3:15:00,3.25,25.23,0.0
jwrvbnsqrx,muuronlnxa,,,fgnof,,fgnof@demo.com,,No,11/03/2023,08:14:50 PM,11/03/2023,09:17:50 PM,1:03:00,1.05,119.08,125.03
jgsksqveug,ktskuxisjn,,,ppfer,,ppfer@example.com,,No,08/29/2023,03:23:19 PM,08/29/2023,09:51:19 PM,6:28:00,6.47,189.67,0.0
tjfyjwxdlu,yhpmciyufx,xaqnkixgrbmajkhglezn,,txnfe,,txnfe@sample.com,,No,02/08/2023,09:47:39 PM,02/09/2023,03:44:39 AM,5:57:00,5.95,9.57,56.94
wkzebayqhl,nyfretctao,,,zbkvp,,zbkvp@example.com,,No,02/06/2023,04:19:11 AM,02/06/2023,09:52:11 AM,5:33:00,5.55,65.29,362.36
fzqwdycymf,hrmomigbjr,,,emggw,,emggw@demo.com,,No,04/03/2023,04:17:18 AM,04/03/2023,11:50:18 AM,7:33:00,7.55,151.85,0.0
tyswaozdzg,gulonebasm,,,ditde,,ditde@example.com,,Yes,03/26/2023,09:29:12 PM,03/26/2023,10:58:12 PM,1:29:00,1.48,76.73,0.0
ajdhazviaa,dviyhsyxfd,,,ogmam,,ogmam@example.com,,No,04/21/2023,04:50:32 PM,04/21/2023,10:00:32 PM,5:10:00,5.17,115.04,0.0
ywormruegq,htczftxxmy,,,rmnpl,,rmnpl@example.com,,Yes,06/17/2023,06:23:24 AM,06/17/2023,07:40:24 AM,1:17:00,1.28,122.06,0.0
cboussymka,osxejmxcju,,,vnsti,,vnsti@example.com,,Yes,12/25/2023,04:02:28 PM,12/25/2023,06:14:28 PM,2:12:00,2.2,198.78,437.32
adioaibmpc,naqsymxwcl,tectymectyrdltludlwd,,mfabv,,mfabv@example.com,,Yes,11/23/2023,05:32:44 PM,11/23/2023,05:34:44 PM,0:02:00,0.03,36.96,0.0
hepeufxgnv,cldfcnxitg,fghuszyfrnxplgvjhmbk,,narob,,narob@example.com,,Yes,01/22/2023,11:21:14 AM,01/22/2023,05:44:14 PM,6:23:00,6.38,175.09,0.0
dqhblbxvwy,kozbbvnytg,,,ocuoh,,ocuoh@example.com,,Yes,02/18/2023,05:54:03 PM,02/19/2023,01:21:03 AM,7:27:00,7.45,186.77,1391.44
ngwbnlvjso,llfvasmmad,,,gpxss,,gpxss@demo.com,,No,05/22/2023,12:46:41 PM,05/22/2023,04:26:41 PM,3:40:00,3.67,132.39,485.87
tesuuciwyt,fplzjzayzj,,,jbdtt,,jbdtt@demo.com,,Yes,09/05/2023,07:31:04 PM,09/06/2023,12:07:04 AM,4:36:00,4.6,170.91,786.19
reinigktuf,dnlnlcdjfg,,,ppdwv,,ppdwv@example.com,,Yes,07/22/2023,10:58:35 PM,07/22/2023,11:42:35 PM,0:44:00,0.73,56.13,40.97
tyywxftpjf,jincweeoss,lftnrykxobeoxokdcecz,,okrod,,okrod@sample.com,,Yes,08/26/2023,06:11:16 PM,08/26/2023,08:50:16 PM,2:39:00,2.65,96.58,255.94
nlfhdpjcki,xrafcgmnhi,sipxvaybkprestnkmfdd,,gsdlv,,gsdlv@sample.com,,Yes,12/04/2023,07:05:51 PM,12/04/2023,11:51:51 PM,4:46:00,4.77,11.11,0.0
aohqxcpwgg,mgjnrhtwxt,etqxenfowcttdbgrwrmz,,kvpfo,,kvpfo@demo.com,,No,02/14/2023,04:06:39 AM,02/14/2023,06:43:39 AM,2:37:00,2.62,176.21,0.0
vomhhxeurd,gsqyezqxgg,unteqbalkrxkoktcyxtr,,nbboc,,nbboc@example.com,,Yes,01/04/2023,06:17:54 PM,01/04/2023,06:35:54 PM,0:18:00,0.3,6.19,1.86
qukwihgbug,cmoujmwrvo,,,yznos,,yznos@demo.com,,No,01/29/2023,04:41:07 AM,01/29/2023,10:04:07 AM,5:23:00,5.38,75.33,405.28
pqmpijadax,tozqstoyts,,,imocv,,imocv@demo.com,,Yes,07/19/2023,09:20:34 PM,07/20/2023,01:03:34 AM,3:43:00,3.72,151.52,0.0
vpuggkipiq,vjuaeezkkz,plsswxrqylmpgvdawxcq,,xwnqj,,xwnqj@sample.com,,Yes,05/09/2023,06:10:19 PM,05/09/2023,09:26:19 PM,3:16:00,3.27,106.13,0.0
xcgukvumuf,durqvvywok,ioxbeaogylqjoowoxluk,,jzayu,,jzayu@example.com,,Yes,04/09/2023,10:17:49 PM,04/10/2023,03:39:49 AM,5:22:00,5.37,23.41,125.71
bytqfrnxdw,rgivwlxigw,tgfaaitubvsreuzcmibo,,tobhz,,tobhz@example.com,,Yes,12/13/2023,09:03:13 PM,12/14/2023,04:25:13 AM,7:22:00,7.37,33.43,246.38
rzacisnafd,bvzewozsjc,,,eqxlo,,eqxlo@sample.com,,Yes,06/03/2023,08:20:44 PM,06/03/2023,09:24:44 PM,1:04:00,1.07,41.36,44.26
hlprzmubsq,piowctxrey,,,kpvyx,,kpvyx@demo.com,,Yes,10/09/2023,06:15:57 PM,10/09/2023,10:02:57 PM,3:47:00,3.78,107.92,0.0
fjnbjigdnr,nrzgemdctq,bmsgfhopssrutztjoxbn,,hntzw,,hntzw@sample.com,,Yes,12/15/2023,06:17:58 PM,12/16/2023,12:34:58 AM,6:17:00,6.28,179.06,1124.5
ezghhhqhgo,rxmpzsgiss,yaiityxdwpudyawqvtqe,,cyuin,,cyuin@sample.com,,Yes,11/20/2023,04:00:08 PM,11/20/2023,09:49:08 PM,5:49:00,5.82,151.45,881.44
hbgaeftsyc,mzyeoljkmg,dhlvsljxjqvpdrxoeiwk,,vruzc,,vruzc@sample.com,,No,02/28/2023,07:06:02 AM,02/28/2023,10:15:02 AM,3:09:00,3.15,54.31,171.08
duopezhqrf,zsphthhwki,,,vodxf,,vodxf@demo.com,,No,03/18/2023,10:41:47 PM,03/19/2023,06:09:47 AM,7:28:00,7.47,114.74,857.11
uctstmgtob,kcnqkftdbv,hfshchhvqsldorkjmnss,,mdzsk,,mdzsk@example.com,,Yes,02/07/2023,06:08:03 AM,02/07/2023,08:41:03 AM,2:33:00,2.55,141.78,361.54
rhtebqatal,ottvgxrtbv,bbgulzthxwvqqyihfxjd,,ajbed,,ajbed@demo.com,,Yes,03/09/2023,08:17:14 AM,03/09/2023,11:00:14 AM,2:43:00,2.72,2.43,6.61
nxdtxuhanm,zacalmadwo,ufkrjfsibqdflqlbkwfa,,pvizv,,pvizv@sample.com,,No,06/03/2023,05:34:23 PM,06/03/2023,06:52:23 PM,1:18:00,1.3,101.02,0.0
dzwklwgvxy,uoavdoppth,,,estfo,,estfo@example.com,,No,12/28/2023,12:49:54 AM,12/28/2023,06:46:54 AM,5:57:00,5.95,14.26,0.0
djxgmfgegx,hoatkhvfza,,,xfdbd,,xfdbd@sample.com,,No,12/05/2023,03:16:26 AM,12/05/2023,05:01:26 AM,1:45:00,1.75,77.08,134.89
xhooktmaic,fsrlstappt,,,udonr,,udonr@sample.com,,Yes,11/16/2023,11:29:40 AM,11/16/2023,03:27:40 PM,3:58:00,3.97,114.01,452.62
qnqsroxhti,tyzqbiphxh,,,yrweb,,yrweb@example.com,,Yes,09/12/2023,02:56:19 PM,09/12/2023,06:48:19 PM,3:52:00,3.87,60.51,0.0
uxnctxrees,skqikgvwpm,,,wrovo,,wrovo@example.com,,No,09/06/2023,07:19:16 PM,09/07/2023,01:10:16 AM,5:51:00,5.85,38.35,0.0
krtmrkvuzu,mzpvgyxdeg,,,heuxd,,heuxd@example.com,,Yes,04/11/2023,01:45:21 PM,04/11/2023,07:35:21 PM,5:50:00,5.83,182.6,1064.56
veuszmimps,qxxrydxucg,,,yxgpe,,yxgpe@demo.com,,Yes,03/27/2023,02:00:19 AM,03/27/2023,09:49:19 AM,7:49:00,7.82,198.67,1553.6
ujfaqvofml,yyoxiylkkl,,,cradc,,cradc@demo.com,,No,05/12/2023,08:33:15 PM,05/12/2023,08:55:15 PM,0:22:00,0.37,45.54,16.85
ezsduxrnzc,sndiibbwhv,,,dwooo,,dwooo@example.com,,Yes,02/16/2023,07:50:13 PM,02/17/2023,01:36:13 AM,5:46:00,5.77,135.7,782.99
ukvwtixccu,huslljtmyp,,,ikwze,,ikwze@sample.com,,Yes,08/20/2023,02:18:16 PM,08/20/2023,04:23:16 PM,2:05:00,2.08,54.39,113.13
xkvydmyiyl,soctborasm,,,gzqla,,gzqla@sample.com,,Yes,09/01/2023,11:36:04 PM,09/02/2023,03:54:04 AM,4:18:00,4.3,58.96,0.0
uaozmexkkv,dfvemdvhyb,,,tzicz,,tzicz@demo.com,,No,02/02/2023,01:22:53 AM,02/02/2023,07:02:53 AM,5:40:00,5.67,159.38,903.68
jezbautrou,tygkuicorl,wzuofhvnrfjgmlxqtxsk,,nbjdy,,nbjdy@example.com,,No,06/12/2023,12:42:29 AM,06/12/2023,03:37:29 AM,2:55:00,2.92,46.86,136.83
zibcwkjzxw,jeihcpuizv,,,xxcgd,,xxcgd@demo.com,,Yes,09/25/2023,03:09:35 PM,09/25/2023,06:27:35 PM,3:18:00,3.3,171.34,565.42
nqatqpdmch,qgzgcgzdeo,,,ekpso,,ekpso@demo.com,,No,07/03/2023,12:59:54 AM,07/03/2023,05:07:54 AM,4:08:00,4.13,139.56,0.0
umglyfehrc,tmhmhsskmm,,,mcyfj,,mcyfj@example.com,,No,02/24/2023,12:26:23 AM,02/24/2023,03:28:23 AM,3:02:00,3.03,155.92,0.0
evfefjdttd,blflhthwsn,ixcwxdevgrhkndhmagdl,,gafwd,,gafwd@example.com,,Yes,12/18/2023,12:56:01 PM,12/18/2023,02:56:01 PM,2:00:00,2.0,39.25,0.0
psssegvuii,daybnlszcf,lyvfgiihyftwckatodyv,,udcbz,,udcbz@demo.com,,No,12/24/2023,09:09:59 PM,12/25/2023,04:04:59 AM,6:55:00,6.92,44.69,0.0
exvkzkgpty,mjrdrovhao,exlqnhtbjjuijdadfeir,,jzqhn,,jzqhn@demo.com,,Yes,10/18/2023,09:48:48 PM,10/19/2023,01:53:48 AM,4:05:00,4.08,159.48,650.68
jtnzmaxkvn,ckphvmigsy,feidgkeymymemwxkwfyd,,qfzyw,,qfzyw@demo.com,,Yes,10/06/2023,04:39:00 AM,10/06/2023,11:27:00 AM,6:48:00,6.8,176.91,1202.99
tlbyfyokdq,ggrxkimdyx,lzageonsqcmivlayryry,,vxqek,,vxqek@example.com,,No,08/22/2023,06:59:49 PM,08/23/2023,12:11:49 AM,5:12:00,5.2,175.19,0.0
pdoqbsdasp,kmrbgprkcx,,,akcyy,,akcyy@sample.com,,Yes,06/15/2023,01:09:06 AM,06/15/2023,07:47:06 AM,6:38:00,6.63,126.64,0.0
hyluriolkg,iwxopkaqlt,vvouzkeoempdrcrmzutm,,rmgas,,rmgas@example.com,,Yes,03/22/2023,11:44:11 AM,03/22/2023,05:53:11 PM,6:09:00,6.15,155.61,0.0
eutydqkmuu,ffrewijzdr,ncpglsrnoulyrdcdruxm,,nhufa,,nhufa@sample.com,,Yes,07/13/2023,05:44:28 AM,07/13/2023,05:55:28 AM,0:11:00,0.18,183.85,33.09
jsevddrigj,cemjoqbple,jkrswbortetahiakligc,,jbwso,,jbwso@demo.com,,No,05/29/2023,05:57:39 AM,05/29/2023,09:21:39 AM,3:24:00,3.4,71.43,0.0
jkldugcwqg,qfguydtgzo,vouowbrzpyofufjraond,,nkzjo,,nkzjo@sample.com,,Yes,04/28/2023,05:41:37 AM,04/28/2023,08:30:37 AM,2:49:00,2.82,1.78,0.0
obrtfykcac,ivzwryfiyy,ypkhgaxpsilhzysfejvj,,wwdti,,wwdti@demo.com,,Yes,06/08/2023,02:02:12 PM,06/08/2023,02:45:12 PM,0:43:00,0.72,133.56,96.16
poysdctmzi,qaijgvdkuo,,,ccrzw,,ccrzw@example.com,,Yes,11/12/2023,08:53:16 PM,11/13/2023,02:58:16 AM,6:05:00,6.08,17.48,0.0
mvsjjeinfl,rwxrnhsryh,jdfkycmguywbrpcfbeno,,szrmx,,szrmx@demo.com,,No,07/21/2023,10:14:07 PM,07/22/2023,04:41:07 AM,6:27:00,6.45,45.29,292.12
rqqckgjazf,fvvpyxugvk,,,dvooh,,dvooh@sample.com,,Yes,11/17/2023,05:35:37 PM,11/18/2023,12:46:37 AM,7:11:00,7.18,92.81,0.0
dudgszihdy,cfngspuuap,doqemtuilllipfdjivvn,,mniet,,mniet@example.com,,No,12/16/2023,10:04:36 PM,12/17/2023,12:43:36 AM,2:39:00,2.65,0.41,0.0
oaplwtlbnl,lxvicznfgx,ajhkwgwxmmuqrctxbgcl,,psjwc,,psjwc@demo.com,,Yes,07/13/2023,03:54:24 AM,07/13/2023,11:02:24 AM,7:08:00,7.13,36.22,258.25
kgdxihautw,fejfchriea,,,gwqhn,,gwqhn@example.com,,No,03/28/2023,10:04:06 AM,03/28/2023,02:28:06 PM,4:24:00,4.4,101.97,0.0
lxtekvjvjp,cvtvwrzkbx,lpcvgecantzryuhtpilg,,tfqdq,,tfqdq@example.com,,Yes,07/04/2023,11:45:34 AM,07/04/2023,04:48:34 PM,5:03:00,5.05,19.44,0.0
ixxtltkmno,tzgafezlkg,,,fylxg,,fylxg@demo.com,,No,12/29/2023,03:38:33 AM,12/29/2023,04:08:33 AM,0:30:00,0.5,144.58,72.29
qzcnxkslym,thoqupusxg,swiqmgnxjpyqndgldhkx,,gmzmd,,gmzmd@sample.com,,No,08/11/2023,06:59:07 AM,08/11/2023,09:51:07 AM,2:52:00,2.87,151.95,436.1
cspsblqssc,ktkhpglyjs,,,ttrmv,,ttrmv@demo.com,,No,09/07/2023,06:59:54 AM,09/07/2023,10:27:54 AM,3:28:00,3.47,121.26,420.77
jzxfnakhnj,hfiaudpdsq,nstcqnhiyecuuzxqoewq,,yymvc,,yymvc@example.com,,Yes,08/04/2023,04:35:45 PM,08/04/2023,10:28:45 PM,5:53:00,5.88,133.77,0.0
rodwinpzrj,txqwkmxjtg,,,rszyu,,rszyu@example.com,,No,11/25/2023,07:23:46 PM,11/25/2023,10:24:46 PM,3:01:00,3.02,10.6,0.0
xxdmuaiwew,zpaxhlgqef,rzemiktwggbusoqsbsfp,,jrcxx,,jrcxx@example.com,,No,04/24/2023,09:41:32 PM,04/25/2023,05:20:32 AM,7:39:00,7.65,168.85,0.0
imzxbpzswq,jnapbdnmeh,,,ciazh,,ciazh@sample.com,,Yes,08/14/2023,03:38:59 PM,08/14/2023,10:34:59 PM,6:56:00,6.93,2.28,0.0
gxqydoqlaa,oglitovfvk,yfcfryxlxlbvfcqiopvo,,etsvs,,etsvs@sample.com,,Yes,09/07/2023,01:21:59 PM,09/07/2023,06:20:59 PM,4:59:00,4.98,182.13,0.0
xvpehkrbwz,egouahaokv,zfpqiixfklzfhkgaymji,,tczoz,,tczoz@demo.com,,No,11/19/2023,12:04:48 AM,11/19/2023,03:18:48 AM,3:14:00,3.23,68.82,0.0
cpgupfauad,icbiockcwi,,,zcmks,,zcmks@sample.com,,No,06/10/2023,02:33:14 AM,06/10/2023,06:18:14 AM,3:45:00,3.75,19.8,74.25
igevgyxqas,dnatruqkzn,ounnqbmuuhapkdwikbat,,gtoad,,gtoad@example.com,,No,01/22/2023,11:30:26 PM,01/23/2023,06:51:26 AM,7:21:00,7.35,68.41,0.0
glvogmgdcl,fxwfpjdeso,xhmuohtaeukwxjvfzssw,,xchto,,xchto@sample.com,,Yes,03/05/2023,07:47:14 PM,03/06/2023,01:35:14 AM,5:48:00,5.8,24.61,0.0
jvjtzhxcbp,kkebbwekhe,,,ykfiz,,ykfiz@demo.com,,No,03/22/2023,01:56:17 AM,03/22/2023,02:49:17 AM,0:53:00,0.88,44.2,38.9
cmvdnmthhe,nperdtzlgr,,,qdwkb,,qdwkb@example.com,,No,05/28/2023,03:29:49 PM,05/28/2023,04:16:49 PM,0:47:00,0.78,15.69,0.0
nvqjaxxrxp,vlksnnjoso,fhwfikjtbiqjrhamfgcc,,bdyrh,,bdyrh@sample.com,,Yes,10/23/2023,02:29:01 PM,10/23/2023,05:20:01 PM,2:51:00,2.85,35.9,0.0
fquqkldwba,kppgustnit,,,frfuk,,frfuk@example.com,,No,11/25/2023,05:34:48 AM,11/25/2023,07:00:48 AM,1:26:00,1.43,163.15,0.0
cbkdsubrvo,gkawiabxcp,,,vuket,,vuket@sample.com,,No,04/30/2023,03:01:48 AM,04/30/2023,03:08:48 AM,0:07:00,0.12,195.0,0.0
cjgxejjtss,wjfkygyvzm,nootgdasyynuhthdnuth,,rjatr,,rjatr@demo.com,,No,07/23/2023,02:49:40 PM,07/23/2023,07:36:40 PM,4:47:00,4.78,84.99,0.0
bxlnsxirrk,krcrwkngka,bwpfjkdbrghdiwofhbyb,,irdfc,,irdfc@demo.com,,Yes,12/31/2023,04:21:06 AM,12/31/2023,07:10:06 AM,2:49:00,2.82,141.19,398.16
biilxhledg,pbxuhllfdz,orcbiqvppqfaprthbymz,,zlzla,,zlzla@demo.com,,Yes,07/09/2023,11:46:26 PM,07/10/2023,05:45:26 AM,5:59:00,5.98,1.75,10.46
zpdtqmhnxs,xuuhbvzbkp,,,rxhgl,,rxhgl@sample.com,,No,08/09/2023,12:01:25 AM,08/09/2023,02:08:25 AM,2:07:00,2.12,176.02,373.16
tmxpfjhobl,vlonvabhkx,axdiiwbshwzapwtlznmk,,jnzju,,jnzju@demo.com,,Yes,02/09/2023,12:23:43 AM,02/09/2023,01:23:43 AM,1:00:00,1.0,98.98,0.0
ewgkpnnuvj,idxmiskkzt,qjbljsvyuaapyxycddsv,,bxmbf,,bxmbf@sample.com,,No,11/08/2023,07:59:35 PM,11/08/2023,10:52:35 PM,2:53:00,2.88,36.85,106.13
gladimfnic,btxsdwmqts,nxitwnkpxwwjmgvnygrk,,jltwq,,jltwq@sample.com,,No,07/31/2023,09:52:01 AM,07/31/2023,01:18:01 PM,3:26:00,3.43,85.72,294.02
zgaiqnrlgz,exqvyhtmrf,rlepmxnzyrxuyosiwfyl,,jqwdv,,jqwdv@sample.com,,No,01/12/2023,10:19:26 AM,01/12/2023,05:12:26 PM,6:53:00,6.88,46.94,322.95
ppllyqyfib,mtjckgvuro,,,lbbya,,lbbya@sample.com,,No,03/07/2023,11:54:30 AM,03/07/2023,02:31:30 PM,2:37:00,2.62,115.75,0.0
uaczmbxwsl,sqakulswnc,tcqhcidebhzfetczbrbv,,ldhgt,,ldhgt@example.com,,Yes,02/23/2023,11:28:02 AM,02/23/2023,03:12:02 PM,3:44:00,3.73,74.66,278.48
topuylpwcc,fqugthyeez,,,orqer,,orqer@demo.com,,Yes,05/16/2023,06:31:15 AM,05/16/2023,12:57:15 PM,6:26:00,6.43,7.83,50.35
ijqrneugtc,hmikyhznvw,,,hhzas,,hhzas@sample.com,,Yes,08/11/2023,07:14:41 AM,08/11/2023,11:26:41 AM,4:12:00,4.2,60.61,0.0
jpbegqwqgf,sarojjcjui,,,dyjhi,,dyjhi@sample.com,,No,02/18/2023,05:06:30 AM,02/18/2023,10:09:30 AM,5:03:00,5.05,3.78,0.0
yxmqdnjbig,lmixlabfgs,,,nmquz,,nmquz@example.com,,No,11/12/2023,08:18:38 AM,11/12/2023,11:35:38 AM,3:17:00,3.28,140.8,0.0
aywkoizjyu,toslpfqlcd,,,nhzlg,,nhzlg@example.com,,Yes,03/12/2023,05:11:44 AM,03/12/2023,06:38:44 AM,1:27:00,1.45,166.03,240.74
hmzbqdgpfm,fxgkmqbovp,ehgnmthubtayzsoumgng,,fbjql,,fbjql@demo.com,,Yes,11/23/2023,01:11:52 PM,11/23/2023,06:29:52 PM,5:18:00,5.3,28.54,151.26
mpxmodjjyd,vvkgdzaheb,,,fmgqz,,fmgqz@sample.com,,Yes,06/23/2023,01:53:45 PM,06/23/2023,07:55:45 PM,6:02:00,6.03,179.16,1080.33
dnoxkjmrjl,gsshsqniwj,tzpdbkdsejhcieaqnrvi,,pbkqs,,pbkqs@sample.com,,Yes,04/23/2023,10:03:56 PM,04/24/2023,02:10:56 AM,4:07:00,4.12,186.25,767.35
edtbfaqsso,ulmepzwnor,,,obsjl,,obsjl@example.com,,Yes,10/26/2023,04:42:10 AM,10/26/2023,05:49:10 AM,1:07:00,1.12,78.49,87.91
ttlublhmbn,ayliaiqgyj,,,ykriq,,ykriq@example.com,,No,12/04/2023,01:11:53 AM,12/04/2023,03:57:53 AM,2:46:00,2.77,141.53,392.04
dtcslqbapj,rvriwmnnew,ddebbhnlganbkpgcnlvx,,ckpff,,ckpff@sample.com,,No,01/23/2023,04:58:40 PM,01/23/2023,11:01:40 PM,6:03:00,6.05,127.91,773.86
jkkjytmfio,xfyxbvwrth,jbixeflzatypukxwshfs,,zrvwl,,zrvwl@demo.com,,Yes,04/15/2023,05:28:06 AM,04/15/2023,10:53:06 AM,5:25:00,5.42,108.8,589.7
mafvtkezlq,qfkfpngluh,cmywzvdwdntlhfdarrvz,,ipwgn,,ipwgn@example.com,,Yes,08/25/2023,06:18:32 PM,08/25/2023,11:19:32 PM,5:01:00,5.02,25.23,126.65
xelohllbbb,qbcfymtgva,cajocikhmlpubqmjawjj,,uhyuz,,uhyuz@example.com,,Yes,09/25/2023,07:07:17 AM,09/25/2023,11:47:17 AM,4:40:00,4.67,26.22,122.45
rnqxfgahsh,cswwvkpyiz,,,wgafz,,wgafz@example.com,,Yes,09/04/2023,09:00:45 AM,09/04/2023,01:05:45 PM,4:05:00,4.08,125.69,512.82
ultyonuzow,ivabchlpjb,,,ntnqi,,ntnqi@example.com,,Yes,10/29/2023,09:52:16 AM,10/29/2023,04:15:16 PM,6:23:00,6.38,158.74,1012.76
lsxamokbds,ldopubmyuq,,,pifbe,,pifbe@example.com,,Yes,02/17/2023,06:43:40 PM,02/17/2023,07:13:40 PM,0:30:00,0.5,131.01,65.5
jksozaoogu,blzinifzou,oronmvojygehwmlvbrnq,,gasue,,gasue@example.com,,Yes,03/25/2023,07:11:29 PM,03/26/2023,02:39:29 AM,7:28:00,7.47,111.29,831.34
jfugtcphms,igcabxnxbl,,,xsyda,,xsyda@example.com,,Yes,05/13/2023,02:02:10 AM,05/13/2023,09:32:10 AM,7:30:00,7.5,129.09,0.0
bubaaebzwr,bmgphlflsv,,,nxdas,,nxdas@sample.com,,No,07/03/2023,03:42:29 AM,07/03/2023,03:43:29 AM,0:01:00,0.02,99.94,0.0
zzkdorpphp,ivmlwrketh,pfwwpzcmmzafmpnrtsyi,,gplld,,gplld@sample.com,,Yes,10/09/2023,09:23:18 AM,10/09/2023,01:38:18 PM,4:15:00,4.25,78.8,0.0
xfkellinhq,gvgyadtyks,uhactokxxvmlgdbclqro,,uzinv,,uzinv@example.com,,Yes,03/11/2023,07:04:44 PM,03/11/2023,09:43:44 PM,2:39:00,2.65,195.48,0.0
lxzgdbizvz,wbrspqxgvq,qpmpnblxuzgjzuddalrh,,ikmbg,,ikmbg@demo.com,,Yes,03/17/2023,02:42:32 PM,03/17/2023,07:34:32 PM,4:52:00,4.87,76.96,374.8
nojjqqayhe,ziqcdqowlq,,,lqfvg,,lqfvg@demo.com,,No,03/20/2023,02:52:29 AM,03/20/2023,05:33:29 AM,2:41:00,2.68,31.4,84.15
twzcmnmrqd,vmxzlmaido,,,dslda,,dslda@demo.com,,No,11/23/2023,04:25:09 PM,11/23/2023,09:32:09 PM,5:07:00,5.12,78.5,0.0
jcovwosbyf,dfvpwklqez,yemvvjoqfarjmqgneevd,,uwrbo,,uwrbo@sample.com,,Yes,04/15/2023,12:55:50 AM,04/15/2023,04:32:50 AM,3:37:00,3.62,168.62,610.4
gxebadphhv,bgambxcmzd,dtytpqxphfamtvvuhfjt,,itelb,,itelb@example.com,,No,03/07/2023,03:42:57 PM,03/07/2023,04:12:57 PM,0:30:00,0.5,190.57,95.28
kbdaljmkvn,srhwoozard,hhmaihkidqyxorahseha,,gkoav,,gkoav@demo.com,,Yes,11/05/2023,11:51:02 AM,11/05/2023,03:19:02 PM,3:28:00,3.47,175.94,610.51
nwtkbhejnd,fudtkhfuwo,zdukiyosdcpeoxtdbnbv,,lsmgc,,lsmgc@demo.com,,No,11/08/2023,03:17:21 AM,11/08/2023,08:32:21 AM,5:15:00,5.25,99.89,0.0
optqghjbvf,qaamkoozbu,iszktuaxmiaixzuglnvo,,ueyby,,ueyby@sample.com,,Yes,03/05/2023,01:58:03 AM,03/05/2023,05:59:03 AM,4:01:00,4.02,187.85,0.0
nmlqiohdaa,ymexxzsnuh,,,ahznx,,ahznx@demo.com,,No,12/31/2023,08:21:07 PM,01/01/2024,01:08:07 AM,4:47:00,4.78,126.77,0.0
hmwdajigvt,srgjncvwpd,umwuvahhxyrmpshfhlxs,,lxwno,,lxwno@sample.com,,No,10/28/2023,09:52:39 AM,10/28/2023,01:21:39 PM,3:29:00,3.48,18.91,0.0
bsckbwocki,zpbsklcriv,,,slkwd,,slkwd@example.com,,No,08/30/2023,10:31:37 AM,08/30/2023,11:16:37 AM,0:45:00,0.75,30.55,22.91
lvmoqvhqfo,cwuqbyvwdn,czlgpgbevrikxltfdzyr,,dssig,,dssig@demo.com,,Yes,12/06/2023,08:41:40 PM,12/07/2023,01:50:40 AM,5:09:00,5.15,72.2,0.0
xqxkezzkzs,mvwrucdlzg,,,cakwy,,cakwy@demo.com,,Yes,01/12/2023,04:44:10 PM,01/12/2023,11:05:10 PM,6:21:00,6.35,36.5,231.77
pbnitshlmx,qkphbaawqe,,,sasxd,,sasxd@example.com,,No,09/23/2023,09:54:33 AM,09/23/2023,02:38:33 PM,4:44:00,4.73,79.0,373.67
lmbbxtubra,greownxumd,,,rszyf,,rszyf@demo.com,,No,01/31/2023,12:41:43 AM,01/31/2023,12:59:43 AM,0:18:00,0.3,56.13,16.84
ozucqungas,wyubvxlkyi,,,iukvo,,iukvo@example.com,,Yes,10/05/2023,03:04:20 AM,10/05/2023,08:28:20 AM,5:24:00,5.4,37.55,202.77
sohmkrhzkx,imtgbvsnyp,,,yxqgh,,yxqgh@demo.com,,No,11/30/2023,12:01:20 AM,11/30/2023,01:57:20 AM,1:56:00,1.93,110.08,0.0
lbzwvgluox,codgeqcjww,,,rdjci,,rdjci@example.com,,Yes,08/01/2023,06:07:18 AM,08/01/2023,10:55:18 AM,4:48:00,4.8,32.71,157.01
fglewdzzdw,usyuveutqf,nyfhhupvwhlufkjgzwke,,tcjxt,,tcjxt@sample.com,,No,08/29/2023,12:45:57 AM,08/29/2023,02:57:57 AM,2:12:00,2.2,160.48,353.06
kbayfniwmf,fjbhhoicjc,ngefbhkpmhqqmyuzbsem,,ostbo,,ostbo@example.com,,No,04/08/2023,02:25:54 PM,04/08/2023,09:59:54 PM,7:34:00,7.57,92.53,0.0
gnovzdeqjd,xvlxjxrhew,orydccimbvfbfpncsfpd,,abuen,,abuen@example.com,,No,02/28/2023,09:46:02 PM,03/01/2023,12:29:02 AM,2:43:00,2.72,67.21,0.0
